product_id,total_sales
PROD_093,34633.96
PROD_058,32808.94999999999
PROD_059,32315.3
PROD_022,31247.39
PROD_073,31246.80000000001
